OBJECTID,NAME,LONG(split),LAT(split),LONG,LAT,LINE,NOTES
1,Astor Pl,(-73.99106999861966,40.73005400028978),-73.99107,40.730054,"4,6,,","4 nights, 6-all times, 6 Express-weekdays AM southbound, PM northbound"
2,Canal St,(-74.00019299927328,40.71880300107709),-74.000193,40.718803,"4,6,,","4 nights, 6-all times, 6 Express-weekdays AM southbound, PM northbound"
3,50th St,(-73.98384899986625,40.76172799961419),-73.983849,40.761728,"1,2,,","1-all times, 2-nights"
4,Bergen St,(-73.97499915116808,40.68086213682956),-73.97499915,40.68086214,"2,3,4,","4-nights, 3-all other times, 2-all times"
5,Pennsylvania Ave,(-73.89488591154061,40.66471445143568),-73.89488591,40.66471445,"3,4,,","4-nights, 3-all other times"
6,238th St,(-73.90087000018522,40.88466700064975),-73.90087,40.884667,"1,,,","1-all times, exit only northbound"
7,Cathedral Pkwy (110th St),(-73.95806670661364,40.800581558114956),-73.95806671,40.80058156,"A,B,C,","A-nights, B-weekdays and evenings, C-all times exc nights"
8,Kingston - Throop Aves,(-73.94085899871263,40.67991899941601),-73.940859,40.679919,"A,C,,","A-nights, C-all other times"
9,65th St,(-73.8987883783301,40.74971952935675),-73.89878838,40.74971953,"E,M,R,","E-nights, R-all other times, M-weekdays and evenings"
10,36th St,(-73.92901818461539,40.75196004401078),-73.92901818,40.75196004,"E,M,R,","E-nights, R-all other times, M-weekdays and evenings"
11,Delancey St - Essex St,(-73.98740940202974,40.71830605618619),-73.9874094,40.71830606,"J,M,Z,","J-all times, M-all times exc nights, Z-rush hours AM westbound, PM eastbound"
12,Van Siclen Ave,(-73.89165772702445,40.67802821447783),-73.89165773,40.67802821,"J,Z,,","Z-rush hours AM westbound, PM eastbound, J-all other times"
13,Norwood Ave,(-73.87962599910783,40.68152000045683),-73.879626,40.68152,"J,Z,,","Z-rush hours AM westbound, PM eastbound, J-all other times"
14,104th-102nd Sts,(-73.84443500029684,40.69516599823373),-73.844435,40.695166,"J,Z,,","Z-rush hours AM westbound, PM eastbound, J-all other times"
15,DeKalb Ave,(-73.98177094440949,40.690648119969794),-73.98177094,40.69064812,"B,D,N,Q","B-weekdays and evenings, D-all other times, N-nights, R-all other times, Q-all times"
16,Beach 105th St,(-73.82758075034528,40.58326843810286),-73.82758075,40.58326844,"A,S,,","A-rush hours AM northbound, PM southbound, S Broad Channel to Rockaway Park-all times"
17,Beach 90th St,(-73.81365140419632,40.58809156457325),-73.8136514,40.58809156,"A,S,,","A-rush hours AM northbound, PM southbound, S Broad Channel to Rockaway Park-all times"
18,Freeman St,(-73.89175225349464,40.829987446384116),-73.89175225,40.82998745,"2,5,,","2-all times, 5-all times exc nights, skips rush hours AM southbound, PM northbound"
19,Intervale Ave,(-73.89661738461646,40.822142131170786),-73.89661738,40.82214213,"2,5,,","2-all times, 5-all times exc nights, skips rush hours AM southbound, PM northbound"
20,182nd-183rd Sts,(-73.90074099998965,40.85609299881864),-73.900741,40.856093,"B,D,,","B-rush hours, D-all times, skips rush hours AM southbound, PM northbound"
21,174th-175th Sts,(-73.91013600050078,40.84589999983414),-73.910136,40.8459,"B,D,,","B-rush hours, D-all times, skips rush hours AM southbound, PM northbound"
22,167th St,(-73.91843200082253,40.83376899862797),-73.918432,40.833769,"B,D,,","B-rush hours, D-all times, skips rush hours AM southbound, PM northbound"
23,Mets - Willets Point,(-73.8456249984179,40.75462199881262),-73.845625,40.754622,"7,,,","7-all times, 7 Express-rush hours AM westbound, PM eastbound"
24,Junction Blvd,(-73.86952700103515,40.74914499948836),-73.869527,40.749145,"7,,,","7-all times, 7 Express-rush hours AM westbound, PM eastbound"
25,Flushing - Main St,(-73.83003000262508,40.75959999915012),-73.83003,40.7596,"7,,,","7-all times, 7 Express-rush hours AM westbound, PM eastbound"
26,Buhre Ave,(-73.83256900003744,40.846809998885504),-73.832569,40.84681,"6,,,","6 Express-weekdays AM southbound, PM northbound, 6-all other times"
27,3rd Ave - 138th St,(-73.92613800014134,40.81047600117261),-73.926138,40.810476,"6,,,","6-all times, 6 Express-weekdays AM southbound, PM northbound"
28,Castle Hill Ave,(-73.85122199961472,40.83425499825462),-73.851222,40.834255,"6,,,","6 Express-weekdays AM southbound, PM northbound, 6-all other times"
29,Brooklyn Bridge - City Hall,(-74.0041310005885,40.713064999433136),-74.004131,40.713065,"4,5,6,","4,6-all times, 5-all times exc nights, 6 Express-weekdays AM southbound, PM northbound"
30,Zerega Ave,(-73.8470359987544,40.836488000608156),-73.847036,40.836488,"6,,,","6 Express-weekdays AM southbound, PM northbound, 6-all other times"
31,Grand Central - 42nd St,(-73.9767132992584,40.75180742981634),-73.9767133,40.75180743,"4,5,6,","4,6-all times, 5-all times exc nights, 6 Express-weekdays AM southbound, PM northbound"
32,33rd St,(-73.98207600148947,40.74608099909145),-73.982076,40.746081,"4,6,,","4 nights, 6-all times, 6 Express-weekdays AM southbound, PM northbound"
33,96th St,(-73.9510700015425,40.78567199998607),-147.837353,40.785672,"4,6,,","4 nights, 6-all times, 6 Express-weekdays AM southbound, PM northbound"
34,77th St,(-73.95987399886047,40.77362000074615),-73.959874,40.77362,"4,6,,","4 nights, 6-all times, 6 Express-weekdays AM southbound, PM northbound"
35,Chauncey St,(-73.91038357033376,40.68285130087804),-73.91038357,40.6828513,"J,Z,,","Z-rush hours AM westbound, PM eastbound, J-all other times"
36,Union St,(-73.98310999909673,40.67731566735096),-73.98311,40.67731567,"D,N,R,","D,N-nights, R-all other times"
37,Elmhurst Ave,(-73.8820347465864,40.74237007972169),-73.88203475,40.74237008,"E,M,R,","E-nights, R-all other times, M-weekdays and evenings"
38,Ralph Ave,(-73.92078599933306,40.678822000873375),-73.920786,40.678822,"A,C,,","A-nights, C-all other times"
39,Pelham Pkwy,(-73.86748067850041,40.8571924091606),-73.86748068,40.85719241,"2,5,,","2-all times, 5-rush hours AM southbound, PM northbound"
40,Gun Hill Rd,(-73.86613410538703,40.877839385172024),-73.86613411,40.87783939,"2,5,,","2-all times, 5-rush hours AM southbound, PM northbound"
41,Nereid Ave (238 St),(-73.8543153107622,40.898286515575286),-73.85431531,40.89828652,"2,5,,","2-all times, 5-rush hours AM southbound, PM northbound"
42,Franklin Ave,(-73.9580997367769,40.67076515344894),-73.95809974,40.67076515,"2,3,4,5","2,4-all times, 3-all times exc nights, 5-weekdays"
43,Simpson St,(-73.89306639507903,40.823976841237396),-73.8930664,40.82397684,"2,5,,","2-all times, 5-all times exc nights, skips rush hours AM southbound, PM northbound"
44,Bronx Park East,(-73.86835609178098,40.848768666338934),-73.86835609,40.84876867,"2,5,,","2-all times, 5-rush hours AM southbound, PM northbound"
45,Winthrop St,(-73.95007934590994,40.65665931376077),-73.95007935,40.65665931,"2,5,,","2-all times, 5-weekdays"
46,Van Siclen Ave,(-73.88940491730106,40.665517963059635),-73.88940492,40.66551796,"3,4,,","4-nights, 3-all other times"
47,149th St - Grand Concourse,(-73.9273847542618,40.81830344372315),-73.92738475,40.81830344,"4,,,",4-all times
48,161st St - Yankee Stadium,(-73.92569199505733,40.82823032742169),-73.925692,40.82823033,"4,,,",4-all times
49,Lexington Ave - 59th St,(-73.9679670004732,40.762526000304575),-73.967967,40.762526,"4,5,6,","4,6-all times, 5-all times exc nights, 6 Express-weekdays AM southbound, PM northbound"
50,E 149th St,(-73.90409799875945,40.81211799827203),-73.904098,40.812118,"6,,,",6-all times
51,Morrison Av - Soundview,(-73.87451599929486,40.82952100156747),-73.874516,40.829521,"6,,,",6-all times
52,Whitlock Ave,(-73.8862829985325,40.82652500055904),-73.886283,40.826525,"6,,,",6-all times
53,St Lawrence Ave,(-73.86761799923673,40.8315090005233),-73.867618,40.831509,"6,,,",6-all times
54,Woodside - 61st St,(-73.90298400173006,40.745630001138395),-73.902984,40.74563,"7,,,","7-all times, 7 Express-rush hours AM westbound, PM eastbound"
55,Far Rockaway - Mott Ave,(-73.75540499924732,40.603995001687544),-73.755405,40.603995,"A,,,",A-all times
56,72nd St,(-73.976336575218,40.77551939729258),-73.97633658,40.7755194,"A,B,C,","A-nights, B-weekdays and evenings, C-all times exc nights"
57,96th St,(-73.96460245687166,40.79161879767014),-73.96460246,40.7916188,"A,B,C,","A-nights, B-weekdays and evenings, C-all times exc nights"
58,168th St,(-73.93956099985425,40.84071899990795),-73.939561,40.840719,"A,C,,","A-all times, C-all times exc nights"
59,Kingsbridge Rd,(-73.8935090000331,40.86697799999945),-73.893509,40.866978,"B,D,,","B-rush hours, D-all times"
60,42nd St - Bryant Pk,(-73.98459099904711,40.754184001312545),-73.984591,40.754184,"B,D,F,M","B,M-weekdays and evenings, D,F-all times"
61,Prospect Park,(-73.96203130426609,40.6616334551018),-73.9620313,40.66163346,"B,Q,S,","B-weekdays and evenings, Q,S to Franklin Av-Fulton St-all times"
62,55th St,(-73.99534882595742,40.63147876093745),-73.99534883,40.63147876,"D,,,",D-all times
63,Jamaica - Van Wyck,(-73.81701287135405,40.70289855287313),-73.81701287,40.70289855,"E,,,",E-all times
64,Kew Gardens - Union Tpke,(-73.8303702709878,40.714034819571026),73.83037027,40.71403482,"E,F,,","E,F-all times"
65,Sutphin Blvd - Archer Av,(-73.80800471963833,40.700382424235),-73.80800472,40.70038242,"E,J,Z,","E,J-all times, Z-rush hours AM westbound, PM eastbound"
66,Court Sq - 23rd St,(-73.94605470266329,40.747768121414325),-73.9460547,40.74776812,"E,M,,","E-all times, M-weekdays and evenings"
67,67th Ave,(-73.85286048434907,40.726505475813006),-73.85286048,40.72650548,"E,M,R,","E-nights, R-all other times, M-weekdays and evenings"
68,Grand Ave - Newtown,(-73.87722085669182,40.736813418197144),-73.87722086,40.73681342,"E,M,R,","E-nights, R-all other times, M-weekdays and evenings"
69,Ditmas Ave,(-73.97817199965161,40.63611866666291),-73.978172,40.63611867,"F,,,",F-all times
70,Classon Ave,(-73.95999000137212,40.68888900026455),-73.95999,40.688889,"G,,,",G-all times
71,Broadway,(-73.95031225606621,40.706126576274166),-73.95031226,40.70612658,"G,,,",G-all times
72,Lorimer St,(-73.95024799996972,40.71407200064717),-73.950248,40.714072,"L,,,",L-all times
73,Sutter Ave,(-73.9019160004208,40.66914500061398),-73.901916,40.669145,"L,,,",L-all times
74,Wilson Ave,(-73.90395860491864,40.68886654246024),-73.9039586,40.68886654,"L,,,",L-all times
75,Halsey St,(-73.9166388842194,40.686415270704344),-73.91663888,40.68641527,"J,,,",J-all times
76,Lorimer St,(-73.94735499884204,40.703844000042096),-73.947355,40.703844,"J,M,,","J-all times, skips weekdays AM westbound, PM eastbound, M-all times exc nights"
77,8th Ave,(-74.01151599772157,40.634970999647166),-74.011516,40.634971,"N,,,",N-all times
78,36th Ave,(-73.929861999118,40.7564420005104),-73.929862,40.756442,"N,W,,","N-all times, W part time"
79,Broadway,(-73.92582299919906,40.761431998800546),-73.925823,40.761432,"N,W,,","N-all times, W part time"
80,Times Sq - 42nd St,(-73.98676800153976,40.75461199851542),-73.986768,40.754612,"N,Q,R,W","N,Q-all times, R-all times exc nights, W part time"
81,Grand Central - 42nd St,(-73.97918899989101,40.75276866674217),-73.979189,40.75276867,"S,,,","S to Times Sq-all times exc nights, closed nights-use 7"
82,Park Pl,(-73.95762400074634,40.67477166685263),-73.957624,40.67477167,"S,,,",S Franklin Av-Fulton St to Prospect Park-all times
83,111th St,(-73.83216299845388,40.68433100001238),-73.832163,40.684331,"A,S,,","S Euclid Av to Ozone Park-Lefferts Blvd-nights, A-all other times"
84,W 4th St - Washington Sq (Lower),(-74.00030814755975,40.732254493367876),-74.00030815,40.73225449,"B,D,F,M","B,M-weekdays and evenings, D,F-all times"
85,51st St,(-73.97192000069982,40.75710699989316),-73.97192,40.757107,"4,6,,","4 nights, 6-all times, 6 Express-weekdays AM southbound, PM northbound"
86,86th St,(-73.97621799859327,40.78864400073892),-73.976218,40.788644,"1,2,,","1-all times, 2-nights"
87,233rd St,(-73.85736239521543,40.89314324138378),-73.8573624,40.89314324,"2,5,,","2-all times, 5-rush hours AM southbound, PM northbound"
88,66th St - Lincoln Ctr,(-73.98220899995783,40.77344000052039),-73.982209,40.77344,"1,2,,","1-all times, 2-nights"
89,Hunts Point Ave,(-73.89054900017344,40.82094799852307),-73.890549,40.820948,"6,,,","6-all times, 6 Express-weekdays AM southbound, PM northbound"
90,Canal St,(-74.0062770001748,40.72285399778783),-74.006277,40.722854,"1,2,,","1-all times, 2-nights"
91,Middletown Rd,(-73.83632199755944,40.84386300128381),-73.836322,40.843863,"6,,,","6 Express-weekdays AM southbound, PM northbound, 6-all other times"
92,23rd St,(-73.98659900207888,40.739864000474604),-73.986599,40.739864,"4,6,,","4 nights, 6-all times, 6 Express-weekdays AM southbound, PM northbound"
93,Court Sq,(-73.94526400039679,40.74702299889643),-73.945264,40.747023,"7,,,","7-all times, 7 Express-rush hours AM westbound, PM eastbound"
94,59th St - Columbus Circle,(-73.98192900232715,40.76824700063689),-73.981929,40.768247,"1,2,,","1-all times, 2-nights"
95,Hunters Point Ave,(-73.9489160009391,40.74221599986316),-73.948916,40.742216,"7,,,","7-all times, 7 Express-rush hours AM westbound, PM eastbound"
96,23rd St,(-73.9956570016487,40.74408099989751),-73.995657,40.744081,"1,2,,","1-all times, 2-nights"
97,Houston St,(-74.00536700180581,40.728251000730204),-74.005367,40.728251,"1,2,,","1-all times, 2-nights"
98,104th St,(-73.83768300060997,40.681711001091195),-73.837683,40.681711,"A,S,,","S Euclid Av to Ozone Park-Lefferts Blvd-nights, A-all other times"
99,Broad Channel,(-73.81583268782963,40.60840218069683),-73.81583269,40.60840218,"A,S,,","A,S to Rockaway Park-all times"
100,Ocean Pkwy,(-73.96850099975177,40.57631166708091),-73.968501,40.57631167,"Q,,,",Q-all times
101,Vernon Blvd - Jackson Ave,(-73.95358099875249,40.74262599969749),-73.953581,40.742626,"7,,,","7-all times, 7 Express-rush hours AM westbound, PM eastbound"
102,68th St - Hunter College,(-73.96387000158042,40.76814100049679),-73.96387,40.768141,"4,6,,","4 nights, 6-all times, 6 Express-weekdays AM southbound, PM northbound"
103,Queensboro Plz,(-73.9401635351909,40.750635651014804),-73.94016354,40.75063565,"7,,N,W","7,N-all times, 7 Express-rush hours AM westbound, PM eastbound, W part time"
104,Rockaway Blvd,(-73.8438529979573,40.680428999588415),-73.843853,40.680429,"A,S,,","A-all times, S Euclid Av to Ozone Park-Lefferts Blvd-nights"
105,Union Sq - 14th St,(-73.98995099881881,40.734673000996125),-73.989951,40.734673,"4,5,6,","4,6-all times, 5-all times exc nights, 6 Express-weekdays AM southbound, PM northbound"
106,Bedford - Nostrand Aves,(-73.95352200064022,40.68962700158444),-73.953522,40.689627,"G,,,",G-all times
107,15th St - Prospect Park,(-73.97973580592873,40.66003568810021),-73.97973581,40.66003569,"F,G,,","F,G-all times"
108,7th Ave,(-73.98025117900944,40.66624469001985),-73.98025118,40.66624469,"F,G,,","F,G-all times"
109,Ft Hamilton Pkwy,(-73.97577599917474,40.65078166803418),-73.975776,40.65078167,"F,G,,","F,G-all times"
110,Church Ave,(-73.97972116229084,40.64427200012998),-73.97972116,40.644272,"F,G,,","F,G-all times"
111,Beverly Rd,(-73.96435779623125,40.64390459860419),-73.9643578,40.6439046,"Q,,,",Q-all times
112,Church Ave,(-73.96288246192114,40.65049324646484),-73.96288246,40.65049325,"B,Q,,","B-weekdays and evenings, Q-all times"
113,Newkirk Ave,(-73.96269486837261,40.63514193733789),-73.96269487,40.63514194,"B,Q,,","B-weekdays and evenings, Q-all times"
114,Parkside Ave,(-73.96145343987648,40.65507304163716),-73.96145344,40.65507304,"Q,,,",Q-all times
115,Grand Army Plaza,(-73.9709563319228,40.6752946951032),-73.97095633,40.6752947,"2,3,4,","4-nights, 3-all other times, 2-all times"
116,Atlantic Av - Barclay's Center,(-73.97754993539385,40.68442016526762),-73.97754994,40.68442017,"2,3,4,5","2,4-all times, 3-all times exc nights, 5-weekdays"
117,Rockaway Ave,(-73.91194599726617,40.678339999883505),-73.911946,40.67834,"A,C,,","A-nights, C-all other times"
118,Fulton St,(-73.97537499833149,40.68711899950771),-73.975375,40.687119,"G,,,",G-all times
119,Clinton - Washington Aves,(-73.9667959986695,40.68809400106055),-73.966796,40.688094,"G,,,",G-all times
120,7th Ave,(-73.97285279191024,40.67710217983294),-73.97285279,40.67710218,"B,Q,,","B-weekdays and evenings, Q-all times"
121,Atlantic Av - Barclay's Center,(-73.97678343963167,40.684488323453685),-73.97678344,40.68448832,"B,Q,,","B-weekdays and evenings, Q-all times"
122,Atlantic Av - Barclay's Center,(-73.97880999956767,40.683665667279435),-73.97881,40.68366567,"D,N,Q,R","D,N-all times, R-all times exc nights"
123,Borough Hall,(-73.99015100090539,40.692403999991036),-73.990151,40.692404,"4,5,,","4-all times, 5-weekdays"
124,Aqueduct Racetrack,(-73.83591899965162,40.672096999172844),-73.835919,40.672097,"A,,,","A-to Manhattan only, racing days only"
125,Morris Park,(-73.86049500117254,40.85436399966426),-73.860495,40.854364,"5,,,",5-all times
126,Pelham Pkwy,(-73.85535900043564,40.858984999820116),-73.855359,40.858985,"5,,,",5-all times
127,Nostrand Ave,(-73.95042600099683,40.68043800006226),-73.950426,40.680438,"A,C,,","A-all times, C-all times exc nights"
128,Nevins St,(-73.98040679874578,40.68831058019022),-73.9804068,40.68831058,"2,3,4,5","2,4-all times, 3-all times exc nights, 5-weekdays"
129,Eastern Pkwy - Bklyn Museum,(-73.96422203748425,40.67203223545925),-73.96422204,40.67203224,"2,3,4,","4-nights, 3-all other times, 2-all times"
130,Beverly Rd,(-73.94884798381702,40.64512351894373),-73.94884798,40.64512352,"2,5,,","2-all times, 5-weekdays"
131,Church Ave,(-73.94945514035334,40.6508606878022),-73.94945514,40.65086069,"2,5,,","2-all times, 5-weekdays"
132,Newkirk Ave,(-73.94829990822407,40.63999124275311),-73.94829991,40.63999124,"2,5,,","2-all times, 5-weekdays"
133,Brooklyn College - Flatbush Ave,(-73.94754120734406,40.63284240700742),-73.94754121,40.63284241,"2,5,,","2-all times, 5-weekdays"
134,Sterling St,(-73.95072891124937,40.6627729934283),-73.95072891,40.66277299,"2,5,,","2-all times, 5-weekdays"
135,Crown Hts - Utica Ave,(-73.93293256081851,40.66897831107809),-73.93293256,40.66897831,"3,4,,","3-all times exc nights, 4-all times"
136,Kingston Ave,(-73.94215978392963,40.66948144864978),-73.94215978,40.66948145,"3,4,,","4-nights, 3-all other times"
137,Nassau Ave,(-73.95118300016523,40.724479997808274),-73.951183,40.72448,"G,,,",G-all times
138,Greenpoint Ave,(-73.95442500146235,40.73126699971465),-73.954425,40.731267,"G,,,",G-all times
139,Marcy Ave,(-73.95783200075729,40.708383000017925),-73.957832,40.708383,"J,M,Z,","J-all times, M-all times exc nights, Z-rush hours AM westbound, PM eastbound"
140,Hewes St,(-73.95348800038457,40.706889998054),-73.953488,40.70689,"J,M,,","J-all times, skips weekdays AM westbound, PM eastbound, M-all times exc nights"
141,138th St - Grand Concourse,(-73.92984899935611,40.81322399958908),-73.929849,40.813224,"4,5,,","4-all times, skips rush hours AM southbound, PM northbound, 5-all times exc nights"
142,5th Ave - 53rd St,(-73.9752485052734,40.76008683231326),-73.97524851,40.76008683,"E,M,,","E-all times, M-weekdays and evenings"
143,Lexington Ave - 53rd St,(-73.96907237490204,40.75746830782865),-73.96907237,40.75746831,"E,M,,","E-all times, M-weekdays and evenings"
144,28th St,(-73.98869800128737,40.74545399979951),-73.988698,40.745454,"N,Q,R,W","N-all times, R-all times exc nights, part time"
145,Herald Sq - 34th St,(-73.9879368338264,40.74964456009442),-73.98793683,40.74964456,"N,Q,R,W","N,Q-all times, R-all times exc nights"
146,1st Ave,(-73.98168087489128,40.73097497580066),-73.98168087,40.73097498,"L,,,",L-all times
147,Times Sq - 42nd St,(-73.98622899953202,40.755983000570076),-73.986229,40.755983,"S,,,","S to Grand Central-all times exc nights, closed nights-use 7"
148,Metropolitan Ave,(-73.9514239994525,40.71277400073426),-73.951424,40.712774,"G,,,",G-all times
149,Grand St,(-73.94049699874644,40.71157600064823),-73.940497,40.711576,"L,,,",L-all times
150,Graham Ave,(-73.94394399869037,40.714575998363635),-73.943944,40.714576,"L,,,",L-all times
151,Bedford Ave,(-73.95666499806525,40.71717399858899),-73.956665,40.717174,"L,,,",L-all times
152,Montrose Ave,(-73.93979284713505,40.70739106438455),-73.93979285,40.70739106,"L,,,",L-all times
153,Long Island City - Court Sq,(-73.94381559597835,40.74630503357145),-73.9438156,40.74630503,"G,,,",G-all times
154,21st St,(-73.9495999997552,40.7441286664954),-73.9496,40.74412867,"G,,,",G-all times
155,39th Ave,(-73.93285137679598,40.75276306140845),-73.93285138,40.75276306,"N,W,,","N-all times, W part time"
156,145th St,(-73.95035999879713,40.82655099962194),-73.95036,40.826551,"1,,,",1-all times
157,157th St,(-73.94488999901047,40.8340410001399),-73.94489,40.834041,"1,,,",1-all times
158,96th St,(-73.97232299915696,40.79391900121471),-73.972323,40.793919,"1,2,3,","1,2,3-all times"
159,103rd St,(-73.96837899960818,40.799446000334825),-73.968379,40.799446,"1,,,",1-all times
160,Central Park North (110th St),(-73.95182200176913,40.79907499977324),-73.951822,40.799075,"2,3,,","2,3-all times"
161,103rd St,(-73.96137008267617,40.796060739904526),-73.96137008,40.79606074,"A,B,C,","A-nights, B-weekdays and evenings, C-all times exc nights"
162,72nd St,(-73.98197000159583,40.77845300068614),-73.98197,40.778453,"1,2,3,","1,2,3-all times"
163,81st St,(-73.97209794937208,40.78134608418206),-73.97209795,40.78134608,"A,B,C,","A-nights, B-weekdays and evenings, C-all times exc nights"
164,75th Ave,(-73.83692369387158,40.71804465348743),-73.83692369,40.71804465,"E,F,,","E-evenings, weekends, nights, F-all times"
165,86th St,(-73.96882849429672,40.78582304678557),-73.96882849,40.78582305,"A,B,C,","A-nights, B-weekdays and evenings, C-all times exc nights"
166,Cathedral Pkwy (110th St),(-73.9668470005456,40.80396699961484),-73.966847,40.803967,"1,,,",1-all times
167,116th St - Columbia University,(-73.96410999757751,40.807722001230864),-73.96411,40.807722,"1,,,",1-all times
168,125th St,(-73.94549500011411,40.807753999182815),-73.945495,40.807754,"2,3,,","2,3-all times"
169,135th St,(-73.94077000106708,40.8142290003391),-73.94077,40.814229,"2,3,,","2,3-all times"
170,116th St,(-73.94962500096905,40.802097999133004),-73.949625,40.802098,"2,3,,","2,3-all times"
171,Tremont Ave,(-73.90522700122354,40.850409999510234),-73.905227,40.85041,"B,D,,","B-rush hours, D-all times"
172,137th St - City College,(-73.95367600087873,40.82200799968475),-73.953676,40.822008,"1,,,",1-all times
173,145th St,(-73.93624499873299,40.82042099969279),-73.936245,40.820421,"3,,,","3-all times, exit only northbound"
174,176th St,(-73.91179399884471,40.8484800012369),-73.911794,40.84848,"4,,,",4-all times
175,Burnside Ave,(-73.9076840015997,40.85345300155693),-73.907684,40.853453,"4,,,",4-all times
176,170th St,(-73.91339999846983,40.83930599964156),-73.9134,40.839306,"B,D,,","B-rush hours, D-all times, skips rush hours AM southbound, PM northbound"
177,168th St,(-73.94013299907257,40.840555999148535),-73.940133,40.840556,"1,,,",1-all times
178,181st St,(-73.9335959996056,40.84950499974065),-73.933596,40.849505,"1,,,",1-all times
179,191st St,(-73.92941199742039,40.85522500175836),-73.929412,40.855225,"1,,,",1-all times
180,175th St,(-73.93970399761596,40.84739100072403),-73.939704,40.847391,"A,,,",A-all times
181,Beach 44th St,(-73.77601299999507,40.59294299908617),-73.776013,40.592943,"A,,,",A-all times
182,Beach 60th St,(-73.7885219980118,40.59237400121235),-73.788522,40.592374,"A,,,",A-all times
183,Beach 98th St,(-73.82052058959523,40.58538569133279),-73.82052059,40.58538569,"A,S,,","A-rush hours AM northbound, PM southbound, S Broad Channel to Rockaway Park-all times"
184,Rockaway Park - Beach 116 St,(-73.83559008701239,40.580955865573515),-73.83559009,40.58095587,"A,S,,","A-rush hours AM northbound, PM southbound, S to Broad Channel-all times"
185,Beach 36th St,(-73.76817499939688,40.59539800166876),-73.768175,40.595398,"A,,,",A-all times
186,Beach 25th St,(-73.76135299762073,40.60006600105881),-73.761353,40.600066,"A,,,",A-all times
187,Parsons Blvd,(-73.80328900021885,40.707571999615695),-73.803289,40.707572,"F,,,",F-all times
188,169th St,(-73.79347419927721,40.710517502784),-73.7934742,40.7105175,"F,,,",F-all times
189,103rd St - Corona Plaza,(-73.86269999830412,40.749865000555545),-73.8627,40.749865,"7,,,",7-all times
190,111th St,(-73.85533399834884,40.75172999941711),-73.855334,40.75173,"7,,,",7-all times
191,63rd Dr - Rego Park,(-73.86161820097203,40.729763972422425),-73.8616182,40.72976397,"E,M,R,","E-nights, R-all other times, M-weekdays and evenings"
192,Grant Ave,(-73.86504999877702,40.67704400054478),-73.86505,40.677044,"A,S,,","A-all times, S Euclid Av to Ozone Park-Lefferts Blvd-nights"
193,79th St,(-73.97991700056134,40.78393399959032),-73.979917,40.783934,"1,2,,","1-all times, 2-nights"
194,Atlantic Ave,(-73.9030969995401,40.67534466640805),-73.903097,40.67534467,"L,,,",L-all times
195,Christopher St - Sheridan Sq,(-74.00290599855235,40.73342200104225),-74.002906,40.733422,"1,2,,","1-all times, 2-nights"
196,Ozone Park - Lefferts Blvd,(-73.82579799906613,40.68595099878361),-73.825798,40.685951,"A,S,,","S to Euclid Av-nights, A-all other times"
197,Times Sq - 42nd St,(-73.98769099825152,40.755477001982506),-73.987691,40.755477,"7,,,","7-all times, 7 Express-rush hours AM westbound, PM eastbound"
198,W 8th St - NY Aquarium,(-73.97595787413822,40.576033818103646),-73.97595787,40.57603382,",F,Q,",
199,28th St,(-73.99336500134324,40.74721499918219),-73.993365,40.747215,"1,2,,","1-all times, 2-nights"
200,28th St,(-73.98426400110407,40.743069999259035),-73.984264,40.74307,"4,6,,","4 nights, 6-all times, 6 Express-weekdays AM southbound, PM northbound"
201,Pelham Bay Park,(-73.82812100059289,40.85246199951662),-73.828121,40.852462,"6,,,","6 Express-weekdays AM southbound, PM northbound, 6-all other times"
202,Westchester Sq - E Tremont Ave,(-73.84295199925012,40.839892001013915),-73.842952,40.839892,"6,,,","6 Express-weekdays AM southbound, PM northbound, 6-all other times"
203,18th St,(-73.99787100060406,40.741039999802105),-73.997871,40.74104,"1,2,,","1-all times, 2-nights"
204,Grand Central - 42nd St,(-73.97604100111508,40.751431000286864),-73.976041,40.751431,"7,,,","7-all times, 7 Express-rush hours AM westbound, PM eastbound"
205,Beach 67th St,(-73.7969239998421,40.59092700078133),-73.796924,40.590927,"A,,,",A-all times
206,W 4th St - Washington Sq (Upper),(-74.00049500225435,40.73233799774325),-74.000495,40.732338,"A,C,E,","A,E-all times, C-all times exc nights"
207,85th St - Forest Pky,(-73.86008700006875,40.69242699966103),-73.860087,40.692427,"J,,,",J-all times
208,Woodhaven Blvd,(-73.85205199740794,40.69370399880105),-73.852052,40.693704,"J,Z,,","J-all times, Z-rush hours AM westbound, PM eastbound"
209,111th St,(-73.83679338454697,40.697114810696476),-73.83679338,40.69711481,"J,,,",J-all times
210,121st St,(-73.82834900017954,40.700481998515315),-73.828349,40.700482,"J,Z,,","Z-rush hours AM westbound, PM eastbound, J-all other times"
211,Halsey St,(-73.90393400118631,40.69551800114878),-73.903934,40.695518,"L,,,",L-all times
212,Myrtle - Wyckoff Aves,(-73.9109757182647,40.699471062427136),-73.91097572,40.69947106,"L,,,",L-all times
213,New Lots Ave,(-73.88411070800329,40.6663149325969),-73.88411071,40.66631493,"3,4,,","4-nights, 3-all other times"
214,Van Siclen Ave,(-73.8903580002471,40.67270999906104),-73.890358,40.67271,"A,C,,","A-nights, C-all other times"
215,Cleveland St,(-73.8851940021643,40.679777998961164),-73.885194,40.679778,"J,,,",J-all times
216,Livonia Ave,(-73.90056237226057,40.66405727094644),-73.90056237,40.66405727,"L,,,",L-all times
217,Junius St,(-73.90244864183562,40.66358900181724),-73.90244864,40.663589,"3,4,,","4-nights, 3-all other times"
218,Rockaway Ave,(-73.90895833584449,40.66261748815223),-73.90895834,40.66261749,"3,4,,","4-nights, 3-all other times"
219,Canarsie - Rockaway Pkwy,(-73.90185000017287,40.64665366739528),-73.90185,40.64665367,"L,,,",L-all times
220,E 105th St,(-73.89954769388724,40.65046878544699),-73.89954769,40.65046879,"L,,,",L-all times
221,Saratoga Ave,(-73.91633025007947,40.6615297898075),-73.91633025,40.66152979,"3,4,,","4-nights, 3-all other times"
222,Sutter Ave - Rutland Road,(-73.92252118536001,40.66476678877493),-73.92252119,40.66476679,"3,4,,","4-nights, 3-all other times"
223,New Lots Ave,(-73.89927796057142,40.65891477368527),-73.89927796,40.65891477,"L,,,",L-all times
224,Broadway Junction,(-73.90428999746412,40.67936600147369),-73.90429,40.679366,"J,Z,,","J-all times, Z-rush hours AM westbound, PM eastbound"
225,Alabama Ave,(-73.89852600159652,40.676998000003756),-73.898526,40.676998,"J,,,",J-all times
226,Shepherd Ave,(-73.88074999747269,40.6741300014559),-73.88075,40.67413,"A,C,,","A-nights, C-all other times"
227,Crescent St,(-73.87392925215778,40.68315265707736),-73.87392925,40.68315266,"J,Z,,","J-all times, Z-rush hours AM westbound, PM eastbound"
228,Cypress Hills,(-73.87332199882995,40.689616000838754),-73.873322,40.689616,"J,,,",J-all times
229,75th St - Eldert Ln,(-73.86728799944963,40.691290001246735),-73.867288,40.69129,"J,Z,,","Z-rush hours AM westbound, PM eastbound, J-all other times"
230,69th St,(-73.8964029993185,40.746324999410284),-73.896403,40.746325,"7,,,",7-all times
231,74th St - Broadway,(-73.8912051289911,40.746867573829114),-73.89120513,40.74686757,"7,,,",7-all times
232,Woodhaven Blvd - Queens Mall,(-73.86943208612348,40.73309737380972),-73.86943209,40.73309737,"E,M,R,","E-nights, R-all other times, M-weekdays and evenings"
233,Myrtle - Wyckoff Aves,(-73.91217899939602,40.69945400090837),-73.912179,40.699454,"M,,,",M-all times
234,Seneca Ave,(-73.90758199885423,40.70291899894902),-73.907582,40.702919,"M,,,",M-all times
235,DeKalb Ave,(-73.91823200219723,40.70369299961644),-73.918232,40.703693,"L,,,",L-all times
236,52nd St,(-73.91254899891254,40.744149001021576),-73.912549,40.744149,"7,,,",7-all times
237,46th St,(-73.91352174995538,40.756316952608096),-73.91352175,40.75631695,"E,M,R,","E-nights, R-all other times, M-weekdays and evenings"
238,Northern Blvd,(-73.90606508052358,40.752824829236076),-73.90606508,40.75282483,"E,M,R,","E-nights, R-all other times, M-weekdays and evenings"
239,46th St,(-73.91843500103973,40.74313200060382),-73.918435,40.743132,"7,,,",7-all times
240,82nd St - Jackson Hts,(-73.88369700071884,40.747658999559135),-73.883697,40.747659,"7,,,",7-all times
241,90th St - Elmhurst Av,(-73.87661299986985,40.74840800060913),-73.876613,40.748408,"7,,,",7-all times
242,Howard Beach - JFK Airport,(-73.83030100071032,40.66047600004959),-73.830301,40.660476,"A,,,",A-all times
243,Aqueduct - North Conduit Av,(-73.83405799948723,40.668234001699815),-73.834058,40.668234,"A,,,",A-all times
244,Briarwood - Van Wyck Blvd,(-73.82069263637443,40.70916181536946),-73.82069264,40.70916182,"E,F,,","E-evenings, weekends, nights, F-all times"
245,Forest Hills - 71st Av,(-73.84451672012669,40.72159430953587),-73.84451672,40.72159431,"E,F,M,R","E,F-all times, M-weekdays and evenings, R-all times exc nights"
246,Sutphin Blvd,(-73.81083299897232,40.70541799906764),-73.810833,40.705418,"F,,,",F-all times
247,Jamaica Ctr - Parsons / Archer,(-73.80109632298924,40.70206737621188),-73.80109632,40.70206738,"E,J,Z,","E,J-all times, Z-rush hours AM westbound, PM eastbound"
248,225th St,(-73.86021461772737,40.88802825863786),-73.86021462,40.88802826,"2,5,,","2-all times, 5-rush hours AM southbound, PM northbound"
249,Elder Ave,(-73.87915899874777,40.82858400108929),-73.879159,40.828584,"6,,,",6-all times
250,Longwood Ave,(-73.89643499897414,40.816103999972405),-73.896435,40.816104,"6,,,",6-all times
251,Astoria Blvd,(-73.91809500109238,40.77003699949086),-73.918095,40.770037,"N,W,,","N-all times, W part time"
252,Astoria - Ditmars Blvd,(-73.9120340001031,40.775035666523664),-73.912034,40.77503567,"N,W,,","N-all times, W part time"
253,Jackson Ave,(-73.9077019387083,40.81643746686396),-73.90770194,40.81643747,"2,5,,","2-all times, 5-all times exc nights, skips rush hours AM southbound, PM northbound"
254,Prospect Ave,(-73.90177778730917,40.81948726483844),-73.90177779,40.81948726,"2,5,,","2-all times, 5-all times exc nights, skips rush hours AM southbound, PM northbound"
255,Cypress Ave,(-73.91404199994753,40.8053680007636),-73.914042,40.805368,"6,,,",6-all times
256,174th St,(-73.88769359812888,40.837195550170605),-73.8876936,40.83719555,"2,5,,","2-all times, 5-all times exc nights, skips rush hours AM southbound, PM northbound"
257,Allerton Ave,(-73.86723422851625,40.86548337793927),-73.86723423,40.86548338,"2,5,,","2-all times, 5-rush hours AM southbound, PM northbound"
258,E 143rd St - St Mary's St,(-73.90765699936489,40.80871900090143),-73.907657,40.808719,"6,,,",6-all times
259,Kingsbridge Rd,(-73.89717400101743,40.867760000885795),-73.897174,40.86776,"4,,,",4-all times
260,Bedford Park Blvd - Lehman College,(-73.89006400069478,40.87341199980121),-73.890064,40.873412,"4,,,",4-all times
261,Harlem - 148 St,(-73.93647000005559,40.82388000080457),-73.93647,40.82388,"3,,,",3-all times
262,Mt Eden Ave,(-73.9146849986034,40.84443400092679),-73.914685,40.844434,"4,,,",4-all times
263,Fordham Rd,(-73.89774900102401,40.861295998683495),-73.897749,40.861296,"B,D,,","B-rush hours, D-all times"
264,170th St,(-73.91779099745928,40.84007499993004),-73.917791,40.840075,"4,,,",4-all times
265,Bedford Park Blvd,(-73.88713799889574,40.87324399861646),-73.887138,40.873244,"B,D,,","B-rush hours, D-all times"
266,Marble Hill - 225th St,(-73.90983099923551,40.87456099941789),-73.909831,40.874561,"1,,,",1-all times
267,231st St,(-73.90483400107873,40.87885599817935),-73.904834,40.878856,"1,,,",1-all times
268,215th St,(-73.91527899954356,40.86944399946045),-73.915279,40.869444,"1,,,",1-all times
269,207th St,(-73.91881900132312,40.864614000525854),-73.918819,40.864614,"1,,,",1-all times
270,Inwood - 207th St,(-73.91989900100465,40.86807199999737),-73.919899,40.868072,"A,,,",A-all times
271,Van Cortlandt Park - 242nd St,(-73.89858300049647,40.88924800011476),-73.898583,40.889248,"1,,,",1-all times
272,West Farms Sq - E Tremont Av,(-73.87996127877184,40.84020763241799),-73.87996128,40.84020763,"2,5,,","2-all times, 5-all times exc nights, skips rush hours AM southbound, PM northbound"
273,219th St,(-73.8625097078866,40.883887974625274),-73.86250971,40.88388797,"2,5,,","2-all times, 5-rush hours AM southbound, PM northbound"
274,Mosholu Pkwy,(-73.88465499988732,40.87974999947229),-73.884655,40.87975,"4,,,",4-all times
275,Norwood - 205th St,(-73.87885499918691,40.87481100011182),-73.878855,40.874811,"D,,,",D-all times
276,Burke Ave,(-73.86705361747603,40.87125880254771),-73.86705362,40.8712588,"2,5,,","2-all times, 5-rush hours AM southbound, PM northbound"
277,Baychester Ave,(-73.83859099802153,40.87866300037311),-73.838591,40.878663,"5,,,",5-all times
278,Eastchester - Dyre Ave,(-73.8308340021742,40.88829999901007),-73.830834,40.8883,"5,,,",5-all times
279,Jamaica - 179th St,(-73.78381700176453,40.712645666744045),-73.783817,40.71264567,"F,,,",F-all times
280,Wakefield - 241st St,(-73.8506199987954,40.903125000541245),-73.85062,40.903125,"2,,,",2-all times
281,Botanic Garden,(-73.95924499945693,40.670342666584396),-73.959245,40.67034267,"S,,,",S Franklin Av-Fulton St to Prospect Park-all times
282,Bushwick - Aberdeen,(-73.90526176305106,40.68286062551184),-73.90526176,40.68286063,"L,,,",L-all times
283,Broadway Junction,(-73.90311757920684,40.67845624842869),-73.90311758,40.67845625,"L,,,",L-all times
284,Gun Hill Rd,(-73.84638400151765,40.86952599962676),-73.846384,40.869526,"5,,,",5-all times
285,E 180th St,(-73.87334609510884,40.8418630412186),-73.8733461,40.84186304,"2,5,,","2,5-all times"
286,Dyckman St,(-73.92553600006474,40.86053100138796),-73.925536,40.860531,"1,,,",1-all times
287,125th St,(-73.95837200097044,40.815580999978934),-73.958372,40.815581,"1,,,",1-all times
288,Franklin Ave - Fulton St,(-73.95582700110425,40.68059566598263),-73.955827,40.68059567,"S,,,",S to Prospect Park-all times
289,149th St - Grand Concourse,(-73.92672247438611,40.81833014409742),-73.92672247,40.81833014,"2,5,,","2-all times, 5-all times exc nights"
290,3rd Ave - 149th St,(-73.91779152760981,40.816029252510006),-73.91779153,40.81602925,"2,5,,","2-all times, 5-all times exc nights"
291,167th St,(-73.92139999784426,40.83553699933672),-73.9214,40.835537,"4,,,",4-all times
292,Brook Ave,(-73.91923999909432,40.80756599987699),-73.91924,40.807566,"6,,,",6-all times
293,33rd St,(-73.93099699953838,40.74458699983993),-73.930997,40.744587,"7,,,",7-all times
294,40th St,(-73.9240159984882,40.74378100149132),-73.924016,40.743781,"7,,,",7-all times
295,145th St,(-73.94408792823116,40.824766360871905),-73.94408793,40.82476636,"A,B,C,D","A,D-all times, B-weekdays and evenings, C-all times exc nights"
296,155th St,(-73.93820899811622,40.8301349999812),-73.938209,40.830135,"B,D,,","B-rush hours, D-all times, skips rush hours AM southbound, PM northbound"
297,161st St - Yankee Stadium,(-73.92565099775477,40.827904998845845),-73.925651,40.827905,"B,D,,","B-rush hours, D-all times, skips rush hours AM southbound, PM northbound"
298,Utica Ave,(-73.93072899914027,40.67936399950546),-73.930729,40.679364,"A,C,,","A-all times, C-all times exc nights"
299,Steinway St,(-73.9205264716827,40.75698735912575),-73.92052647,40.75698736,"E,M,R,","E-nights, R-all other times, M-weekdays and evenings"
300,Kosciuszko St,(-73.92850899927413,40.69317200129202),-73.928509,40.693172,"J,,,",J-all times
301,Gates Ave,(-73.92215600150752,40.689583999013905),-73.922156,40.689584,"J,Z,,","Z-rush hours AM westbound, PM eastbound, J-all other times"
302,Central Ave,(-73.92724299902838,40.69787300011831),-73.927243,40.697873,"M,,,",M-all times
303,Knickerbocker Ave,(-73.91972000188625,40.69866000123805),-73.91972,40.69866,"M,,,",M-all times
304,30th Ave,(-73.9214790001739,40.76677866673298),-73.921479,40.76677867,"N,W,,","N-all times, W part time"
305,Jefferson St,(-73.9229130000312,40.706606665988716),-73.922913,40.70660667,"L,,,",L-all times
306,Morgan Ave,(-73.93314700024209,40.70615166680729),-73.933147,40.70615167,"L,,,",L-all times
307,Queens Plz,(-73.93713823965695,40.74891771986323),-73.93713824,40.74891772,"E,M,R,","E-all times, M-weekdays and evenings, R-all times exc nights"
308,18th Ave,(-73.97697099965796,40.62975466638584),-73.976971,40.62975467,"F,,,",F-all times
309,77th St,(-74.0255099996266,40.629741666886915),-74.02551,40.62974167,"R,,,",R-all times
310,Bay Ridge Ave,(-74.02337699950728,40.63496666682377),-74.023377,40.63496667,"R,,,",R-all times
311,50th St,(-73.9946587805514,40.636260890961395),-73.99465878,40.63626089,"D,,,",D-all times
312,Ft Hamilton Pkwy,(-74.00535100046275,40.63138566722445),-74.005351,40.63138567,"N,,,",N-all times
313,25th Ave,(-73.98682900011477,40.59770366695856),-73.986829,40.59770367,"D,,,",D-all times
314,Bay Pky,(-73.9936762000529,40.601950461572315),-73.9936762,40.60195046,"D,,,",D-all times
315,20th Ave,(-73.98452199846113,40.617108999866005),-73.984522,40.617109,"N,,,",N-all times
316,18th Ave,(-73.99045399865993,40.620686997680025),-73.990454,40.620687,"N,,,",N-all times
317,Bay Ridge - 95th St,(-74.03087600085765,40.61662166725951),-74.030876,40.61662167,"R,,,",R-all times
318,86th St,(-74.0283979999864,40.62268666715025),-74.028398,40.62268667,"R,,,",R-all times
319,79th St,(-74.00058287431507,40.61315892569516),-74.00058287,40.61315893,"D,,,",D-all times
320,71st St,(-73.99884094850685,40.61925870977273),-73.99884095,40.61925871,"D,,,",D-all times
321,20th Ave,(-73.99817432157568,40.60467699816932),-73.99817432,40.604677,"D,,,",D-all times
322,18th Ave,(-74.00159259239406,40.60773573171741),-74.00159259,40.60773573,"D,,,",D-all times
323,62nd St,(-73.99685724994863,40.626224462922195),-73.99685725,40.62622446,"D,,,",D-all times
324,New Utrecht Ave,(-73.99635300025969,40.62484166725887),-73.996353,40.62484167,"N,,,",N-all times
325,Ave U,(-73.97337641974885,40.59592482551748),-73.97337642,40.59592483,"F,,,",F-all times
326,Kings Hwy,(-73.9723553085244,40.603258405128265),-73.97235531,40.60325841,"F,,,",F-all times
327,Brighton Beach,(-73.96135378598797,40.577710196642435),-73.96135379,40.5777102,"B,Q,,","B-weekdays and evenings, Q-all times"
328,Sheepshead Bay,(-73.95405791257907,40.58654754707536),-73.95405791,40.58654755,"B,Q,,","B-weekdays and evenings, Q-all times"
329,Ave U,(-73.95581122316301,40.59930895095475),-73.95581122,40.59930895,"Q,,,",Q-all times
330,Kings Hwy,(-73.95760873538083,40.608638645396006),-73.95760874,40.60863865,"B,Q,,","B-weekdays and evenings, Q-all times"
331,Ave U,(-73.97908400099428,40.597235999920436),-73.979084,40.597236,"N,,,",N-all times
332,Kings Hwy,(-73.98037300229343,40.60405899980493),-73.980373,40.604059,"N,,,",N-all times
333,Neptune Ave,(-73.97459272818807,40.580738758491464),-73.97459273,40.58073876,"F,,,",F-all times
334,Ave X,(-73.97426599968905,40.589449666625285),-73.974266,40.58944967,"F,,,",F-all times
335,Bay 50th St,(-73.98376500045946,40.58884066651933),-73.983765,40.58884067,"D,,,",D-all times
336,Gravesend - 86th St,(-73.97818899936274,40.59246500088859),-73.978189,40.592465,"N,,,",N-all times
337,Ave P,(-73.97300281528751,40.608842808949916),-73.97300282,40.60884281,"F,,,",F-all times
338,Ave N,(-73.97404850873143,40.61435671190883),-73.97404851,40.61435671,"F,,,",F-all times
339,Bay Pky,(-73.9752569782215,40.62073162316788),-73.97525698,40.62073162,"F,,,",F-all times
340,Ave M,(-73.9592431052215,40.617397744443736),-73.95924311,40.61739774,"Q,,,",Q-all times
341,Bay Pky,(-73.98178001069293,40.61145578989005),-73.98178001,40.61145579,"N,,,",N-all times
342,Ave I,(-73.97606933170925,40.62501744019143),-73.97606933,40.62501744,"F,,,",F-all times
343,Ave J,(-73.96069316246925,40.625022819915166),-73.96069316,40.62502282,"Q,,,",Q-all times
344,Ave H,(-73.96151793942495,40.62920837758969),-73.96151794,40.62920838,"Q,,,",Q-all times
345,Neck Rd,(-73.95507827493762,40.59532169111695),-73.95507827,40.59532169,"Q,,,",Q-all times
346,21st St - Queensbridge,(-73.94193761457447,40.75373927087553),-73.94193761,40.75373927,"F,,,",F-all times
347,50th St,(-73.98598400026407,40.76245599925997),-73.985984,40.762456,"A,C,E,","A-nights, C-all other times, E-all times"
348,7th Ave,(-73.98169782344476,40.76297015245628),-73.98169782,40.76297015,"B,D,E,","D,E-all times, B-weekdays and evenings"
349,47th-50th Sts - Rockefeller Ctr,(-73.98133100227702,40.75864100159815),-73.981331,40.758641,"B,D,F,M","B,M-weekdays and evenings, D,F-all times"
350,57th St,(-73.97736800085171,40.76408500081713),-73.977368,40.764085,"F,,,",F-all times
351,Lexington Ave - 63rd St,(-73.96608964413245,40.76461809442373),-73.96608964,40.76461809,"F,Q,,","F-all times, Q all times"
352,Roosevelt Island - Main St,(-73.95323499978866,40.75917199967108),-73.953235,40.759172,"F,,,",F-all times
353,59th St - Columbus Circle,(-73.98164872301398,40.768249531776064),-73.98164872,40.76824953,"A,B,C,D","A,D-all times, B-weekdays and evenings, C-all times exc nights"
354,49th St,(-73.98420956591096,40.759801973870694),-73.98420957,40.75980197,"N,Q,R,W","N-all times, Q-all times exc weekends, R-all times exc nights, W part time"
355,57th St,(-73.98072973372128,40.76456552501829),-73.98072973,40.76456553,"N,Q,R,W","N,Q-all times, R-all times exc nights, W part time"
356,5th Ave - 59th St,(-73.97334700047045,40.764810999755284),-73.973347,40.764811,"N,R,W,","N-all times, R-all times exc nights, W part time"
357,Lexington Ave - 59th St,(-73.96737501711436,40.762708855394564),-73.96737502,40.76270886,"N,R,W,","N-all times, R-all times exc nights, W part time"
358,34th St - Penn Station,(-73.99105699913983,40.75037300003949),-73.991057,40.750373,"1,2,3,","1,2,3-all times"
359,Times Sq - 42nd St,(-73.98749500051885,40.75528999995681),-73.987495,40.75529,"1,2,3,","1,2,3-all times"
360,Fulton St,(-74.00762309323994,40.71016216530185),-74.00762309,40.71016217,"A,C,,","A-all times, C-all times exc nights"
361,Chambers St,(-74.00858473570133,40.714111000774025),-74.00858474,40.714111,"A,C,,","A-all times, C-all times exc nights"
362,42nd St - Port Authority Bus Term,(-73.98973500085859,40.757307998551504),-73.989735,40.757308,"A,C,E,","A,E-all times, C-all times exc nights"
363,Myrtle-Willoughby Aves,(-73.94906699890156,40.69461899903765),-73.949067,40.694619,"G,,,",G-all times
364,Flushing Ave,(-73.9502340010257,40.70037666622154),-73.950234,40.70037667,"G,,,",G-all times
365,23rd St,(-73.99276500471389,40.742954317826005),-73.992765,40.74295432,"F,M,,","F-all times, M-weekdays and evenings"
366,Herald Sq - 34th St,(-73.98777189072918,40.74978939990011),-73.98777189,40.7497894,"B,D,F,M","B,M-weekdays and evenings, D,F-all times"
367,Hoyt - Schermerhorn Sts,(-73.98503624034139,40.68840847580642),-73.98503624,40.68840848,"A,C,G,","A,G-all times, C-all times exc nights"
368,Jay St - MetroTech,(-73.98721815267317,40.692470636847084),-73.98721815,40.69247064,"A,C,F,","A,F-all times, C-all times exc nights"
369,East Broadway,(-73.99017700122197,40.713855001020406),-73.990177,40.713855,"F,,,",F-all times
370,Delancey St - Essex St,(-73.98807806807719,40.71868074219453),-73.98807807,40.71868074,"F,,,",F-all times
371,Lower East Side - 2nd Ave,(-73.98993800003434,40.72340166574911),-73.989938,40.72340167,"F,,,",F-all times
372,Flushing Ave,(-73.94137734838365,40.70040440298112),-73.94137735,40.7004044,"J,M,,","J-all times, skips weekdays AM westbound, PM eastbound, M-all times exc nights"
373,Myrtle Ave,(-73.9356230012996,40.6971950005145),-73.935623,40.697195,"J,M,Z,","J,M-all times, Z-rush hours AM westbound, PM eastbound"
374,4th Av - 9th St,(-73.98977899938897,40.67027166728493),-73.989779,40.67027167,"F,G,,","F,G-all times"
375,Smith - 9th Sts,(-73.99589172790934,40.67364106090412),-73.99589173,40.67364106,"F,G,,","F,G-all times"
376,Bergen St,(-73.99075649573565,40.68611054725977),-73.9907565,40.68611055,"F,G,,","F,G-all times"
377,Jay St - MetroTech,(-73.98605667854612,40.69225539645323),-73.98605668,40.6922554,"N,R,,","N-nights, R-all other times"
378,Court St,(-73.99181830901125,40.694196480776995),-73.99181831,40.69419648,"N,R,,","N-nights, R-all other times"
379,Union Sq - 14th St,(-73.99053886181645,40.73587226699812),-73.99053886,40.73587227,"N,Q,R,W","N,Q-all times, R-all times exc nights"
380,23rd St,(-73.98934400102907,40.74130266729),-73.989344,40.74130267,"N,Q,R,W","N-all times, Q-nights, R-all times exc nights"
381,Prospect Ave,(-73.99287200067424,40.66541366712979),-73.992872,40.66541367,"D,N,R,","D,N-nights, R-all other times"
382,4th Av - 9th St,(-73.98830199974512,40.670846666842756),-73.988302,40.67084667,"D,N,R,","D,N-nights, R-all other times"
383,3rd Ave,(-73.98575000112093,40.73269099971662),-73.98575,40.732691,"L,,,",L-all times
384,Union Sq - 14th St,(-73.99066976901818,40.73476331217923),-73.99066977,40.73476331,"L,,,",L-all times
385,Liberty Ave,(-73.89654800103929,40.67454199987086),-73.896548,40.674542,"A,C,,","A-nights, C-all other times"
386,Broadway Junction,(-73.90531600055341,40.67833366608023),-73.905316,40.67833367,"A,C,,","A-all times, C-all times exc nights"
387,59th St,(-74.01788099953987,40.6413616662838),-74.017881,40.64136167,"N,R,,","N,R-all times"
388,45th St,(-74.01000600074939,40.648938666612814),-74.010006,40.64893867,"N,R,,","N-nights, R-all times, skips nights northbound"
389,36th St,(-74.00354899951809,40.65514366633887),-74.003549,40.65514367,"D,N,R,","D,N,R-all times"
390,9th Ave,(-73.99444874451204,40.64648407726636),-73.99444874,40.64648408,"D,,,",D-all times
391,53rd St,(-74.01403399986317,40.64506866735981),-74.014034,40.64506867,"N,R,,","N-nights, R-all times, skips nights northbound"
392,Ft Hamilton Pkwy,(-73.9942022375285,40.640912711444656),-73.99420224,40.64091271,"D,,,",D-all times
393,25th St,(-73.99809099974297,40.66039666692321),-73.998091,40.66039667,"D,N,R,","D,N-nights, R-all other times"
394,Carroll St,(-73.99494697998841,40.68027335170176),-73.99494698,40.68027335,"F,G,,","F,G-all times"
395,Spring St,(-74.00373899843763,40.72622700129312),-74.003739,40.726227,"A,C,E,","A-nights, C-all other times, E-all times"
396,181st St,(-73.93796900205011,40.851694999744616),-73.937969,40.851695,"A,,,",A-all times
397,190th St,(-73.93417999964333,40.85902199892482),-73.93418,40.859022,"A,,,",A-all times
398,116th St,(-73.95479778057312,40.80505813344211),-73.95479778,40.80505813,"A,B,C,","A-nights, B-weekdays and evenings, C-all times exc nights"
399,125th St,(-73.95224799734774,40.811071672994565),-73.952248,40.81107167,"A,B,C,D","A,D-all times, B-weekdays and evenings, C-all times exc nights"
400,Prince St,(-73.99770200045987,40.72432866597571),-73.997702,40.72432867,"N,Q,R,W","N-all times, Q-nights, R-all times exc nights"
401,8th St - NYU,(-73.99250799849149,40.73046499853991),-73.992508,40.730465,"N,Q,R,W","N-all times, Q-nights, R-all times exc nights"
402,Fulton St,(-74.00657099970202,40.70941599925865),-74.006571,40.709416,"2,3,,","2-all times, 3-all times exc nights"
403,Park Pl,(-74.00881099997359,40.713050999077694),-74.008811,40.713051,"2,3,,","2-all times, 3-all times exc nights"
404,Chambers St,(-74.00926600170112,40.71547800011327),-74.009266,40.715478,"1,2,3,","1,2-all times, 3-all times exc nights"
405,Hoyt St,(-73.98506379575646,40.69054418535472),-73.9850638,40.69054419,"2,3,,","2-all times, 3-all times exc nights"
406,Borough Hall,(-73.98999799960687,40.693218999611084),-73.989998,40.693219,"2,3,,","2-all times, 3-all times exc nights"
407,183rd St,(-73.90387900151532,40.85840700040842),-73.903879,40.858407,"4,,,",4-all times
408,Fordham Rd,(-73.90103399921699,40.86280299988937),-73.901034,40.862803,"4,,,",4-all times
409,World Trade Center,(-74.00974461517701,40.71256392680817),-74.00974462,40.71256393,"E,,,",E-all times
410,Canal St - Holland Tunnel,(-74.0052290023424,40.72082400007119),-74.005229,40.720824,"A,C,E,","A,E-all times, C-all times exc nights"
411,155th St,(-73.94151400082208,40.83051799929251),-73.941514,40.830518,"A,C,,","A-nights, C-all other times"
412,163rd St - Amsterdam Av,(-73.93989200188344,40.83601299923096),-73.939892,40.836013,"A,C,,","A-nights, C-all other times"
413,Fulton St,(-74.00793800110387,40.71002266658424),-74.007938,40.71002267,"J,Z,,","J-all times, Z-rush hours AM westbound, PM eastbound"
414,Chambers St,(-74.00340673031336,40.71323378962671),-74.00340673,40.71323379,"J,Z,,","J-all times, Z-rush hours AM westbound, PM eastbound"
415,Canal St,(-73.99982638545937,40.71817387697391),-73.99982639,40.71817388,"J,Z,,","J-all times, Z-rush hours AM westbound, PM eastbound"
416,City Hall,(-74.00698581780337,40.71327233111697),-74.00698582,40.71327233,"R,W,,","N-nights, R-all other times"
417,Canal St,(-74.0018260000577,40.71946500105898),-74.001826,40.719465,"R,W,,","N-nights, R-all other times"
418,South Ferry,(-74.01316895919258,40.701730507574474),-74.01316896,40.70173051,"1,,,",1-all times
419,Bowling Green,(-74.01400799803432,40.70491399928076),-74.014008,40.704914,"4,5,,","4-all times, 5-all times exc nights"
420,Wall St,(-74.01186199860112,40.70755700086603),-74.011862,40.707557,"4,5,,","4-all times, 5-weekdays"
421,Whitehall St,(-74.0130072374272,40.703142373599135),-74.01300724,40.70314237,"R,W,,","N-nights, R-all other times"
422,Rector St,(-74.01297456253795,40.707744756294474),-74.01297456,40.70774476,"R,W,,","N-nights, R-all other times"
423,Fresh Pond Rd,(-73.8958980017196,40.70622599823048),-73.895898,40.706226,"M,,,",M-all times
424,Middle Village - Metropolitan Ave,(-73.88957722978091,40.711431305058255),-73.88957723,40.71143131,"M,,,",M-all times
425,Rector St,(-74.01378300119742,40.707512999521775),-74.013783,40.707513,"1,,,",1-all times
426,Cortlandt St,(-74.01218800112292,40.7118350008202),-74.012188,40.711835,"1,,,",Temporarily closed
427,Fulton St,(-74.00950899856461,40.710367998822136),-74.009509,40.710368,"4,5,,","4-all times, 5-weekdays"
428,Broad St,(-74.01105599991755,40.706476001106005),-74.011056,40.706476,"J,Z,,","J-all times, Z-rush hours AM westbound, PM eastbound"
429,Cortlandt St,(-74.01113196473266,40.7105129841524),-74.01113196,40.71051298,"R,W,,","N-nights, R-all other times"
430,Wall St,(-74.00909999844257,40.706820999753376),-74.0091,40.706821,"2,3,,","2-all times, 3-all times exc nights"
431,Dyckman St,(-73.92727099960726,40.865490998968916),-73.927271,40.865491,"A,,,",A-all times
432,Grand St,(-73.99375299913589,40.71826699954992),-73.993753,40.718267,"B,D,,","B-weekdays and evenings, D-all times"
433,Broadway - Lafayette St,(-73.99620399876055,40.725296998738045),-73.996204,40.725297,"B,D,F,M","B,M-weekdays and evenings, D,F-all times"
434,Bowery,(-73.99380690654237,40.720246883147254),-73.99380691,40.72024688,"J,Z,,","J-all times, Z-rush hours AM westbound, PM eastbound"
435,Canal St,(-74.00105471306033,40.718814263587134),-74.00105471,40.71881426,"N,Q,,","N-all times, Q-weekdays and evenings"
436,23rd St,(-73.99804100117201,40.74590599939995),-73.998041,40.745906,"A,C,E,","A-nights, C-all other times, E-all times"
437,34th St - Penn Station,(-73.99339099970578,40.752287000775894),-73.993391,40.752287,"A,C,E,","A,E-all times, C-all times exc nights"
438,Jackson Hts - Roosevelt Av,(-73.89129866519697,40.74653969115889),-73.89129867,40.74653969,"E,F,M,R","E,F-all times, M-weekdays and evenings, R-all times exc nights"
439,14th St,(-74.00020100063497,40.737825999728116),-74.000201,40.737826,"1,2,3,","1,2-all times, 3-all times exc nights"
440,135th St,(-73.94753480879213,40.817905559212676),-73.94753481,40.81790556,"A,B,C,","A-nights, B-weekdays and evenings, C-all times exc nights"
441,14th St,(-73.99620899921355,40.73822799969515),-73.996209,40.738228,"F,M,,","F-all times, M-weekdays and evenings"
442,6th Ave,(-73.99775078874781,40.73774146981052),-73.99775079,40.73774147,"L,,,",L-all times
443,8th Ave,(-74.00257800104762,40.73977666638199),-74.002578,40.73977667,"L,,,",L-all times
444,14th St,(-74.00168999937027,40.740893000193296),-74.00169,40.740893,"A,C,E,","A,E-all times, C-all times exc nights"
445,Nostrand Ave,(-73.9504262489579,40.66993815093054),-73.95042625,40.66993815,"3,4,,","4-nights, 3-all other times"
446,Clark St,(-73.99308599821961,40.69746599996469),-73.993086,40.697466,"2,3,,","2-all times, 3-all times exc nights"
447,Franklin Ave,(-73.95684800014614,40.68137966658742),-73.956848,40.68137967,"A,C,,","A-nights, C-all other times"
448,Clinton - Washington Aves,(-73.96583799857275,40.68326299912644),-73.965838,40.683263,"A,C,,","A-nights, C-all other times"
449,Forest Ave,(-73.90307500005954,40.70441200087814),-73.903075,40.704412,"M,,,",M-all times
450,110th St,(-73.94424999687163,40.795020000113105),-73.94425,40.79502,"4,6,,","4 nights, 6-all times, 6 Express-weekdays AM southbound, PM northbound"
451,86th St,(-73.95558899985132,40.77949199820952),-73.955589,40.779492,"4,5,6,","4,6-all times, 5-all times exc nights, 6 Express-weekdays AM southbound, PM northbound"
452,York St,(-73.98688499993673,40.699742667691574),-73.986885,40.69974267,"F,,,",F-all times
453,High St,(-73.99053100065458,40.69933699977884),-73.990531,40.699337,"A,C,,","A-all times, C-all times exc nights"
454,Lafayette Ave,(-73.97394599849406,40.68611300020567),-73.973946,40.686113,"A,C,,","A-nights, C-all other times"
455,President St,(-73.95058920022207,40.667883603536815),-73.9505892,40.6678836,"2,5,,","2-all times, 5 weekdays"
456,Woodlawn,(-73.87875099990931,40.886037000253324),-73.878751,40.886037,"4,,,",4-all times
457,Bleecker St,(-73.99465900006331,40.72591466682659),-73.994659,40.72591467,"4,6,,","4 nights, 6-all times, 6 Express-weekdays PM"
458,103rd St,(-73.94747800152219,40.79060000008452),-73.947478,40.7906,"4,6,,","4 nights, 6-all times, 6 Express-weekdays AM southbound, PM northbound"
459,Euclid Ave,(-73.87210600099675,40.675376998239365),-73.872106,40.675377,"A,C,S,","S to Ozone Park-Lefferts Blvd-nights, C-all other times, A-all times"
460,88th St,(-73.85147000026086,40.67984300135503),-73.85147,40.679843,"A,S,,","A-all times, S Euclid Av to Ozone Park-Lefferts Blvd-nights"
461,Cortelyou Rd,(-73.96379005505493,40.6409401651401),-73.96379006,40.64094017,"Q,,,",Q-all times
462,116th St,(-73.9416169983714,40.7986290002001),-73.941617,40.798629,"4,6,,","4 nights, 6-all times, 6 Express-weekdays AM southbound, PM northbound"
463,Parkchester,(-73.86081600108396,40.83322599927859),-73.860816,40.833226,"6,,,","6-all times, 6 Express-weekdays AM southbound, PM northbound"
464,Franklin St,(-74.00688600277107,40.719318001302135),-74.006886,40.719318,"1,2,,","1-all times, 2-nights"
465,80th St,(-73.85899200206335,40.67937100115432),-73.858992,40.679371,"A,S,,","A-all times, S Euclid Av to Ozone Park-Lefferts Blvd-nights"
466,5th Ave - Bryant Pk,(-73.98196299856706,40.75382100064824),-73.981963,40.753821,"7,,,","7-all times, 7 Express-rush hours AM westbound, PM eastbound"
467,Spring St,(-73.99714100006673,40.72230099999366),-73.997141,40.722301,"4,6,,","4 nights, 6-all times, 6 Express-weekdays AM southbound, PM northbound"
468,125th St,(-73.93759400055725,40.804138000587244),-73.937594,40.804138,"4,5,6,","4,6-all times, 5-all times exc nights, 6 Express-weekdays AM southbound, PM northbound"
469,Coney Island - Stillwell Av,(-73.9812359981396,40.57728100006751),-73.981236,40.577281,"D,F,N,Q","D,F,N,Q-all times"
470,34th St - Hudson Yards,(-74.00219709442206,40.75544635961596),-74.00219709,40.75544636,"7,,,","7-all times, 7 Express-rush hours AM westbound, PM eastbound"
641,72nd St,(-73.95836178682246,40.76880251014895),-73.95836179,40.76880251,"Q,,,",Q-all times
642,86th St,(-73.95177090964917,40.77786104333163),-73.95177091,40.77786104,"Q,,,",Q-all times
643,96th St,(-73.9470660219183,40.784236650177654),-73.94706602,40.78423665,"Q,,,",Q-all times